user_id,user_email,user_phone,first_name,last_name,province,city,product_name,product_avg_score,product_categories,size,color,buy_price,sell_price,weight,can_sale,total_stock,order_id,order_status,payment_method,order_total_price,order_discount,order_tax,order_shipping_price,order_final_price,order_created_at,order_paid_at,order_shipped_at,order_tracking_code,order_item_quantity,order_item_price,order_item_discount,order_item_total_price,user_rating,rating_date
4,bnymyn13@example.net,09245093480,حسام,لاهوتی,ایلام,بندر محمدياسين,محصول 42,2.75,"اکسسوری, شال, کمربند",XXL,سفید,276174.84478557575,2122922.8331404803,4.093608015868206,False,76,1,delivered,wallet,6332018.35,80184.40,36998.55,72827.38,6361659.88,2025-05-30 18:37:32.459985+00:00,,,,10,2122922.83,31619.24,21197609.06,5,2025-05-30 18:37:50.957666+00:00
41,hsty60@example.net,09228483726,زهرا,ظفری,کرمان,استان محمدعلي,محصول 18,2.95,"جوراب, روسری, کمربند",L,نقره‌ای,3111165.918779367,8552524.91936221,6.360557568362814,False,27,2,pending,wallet,315348.39,77296.61,47199.85,88531.35,373782.98,2025-05-30 18:37:32.468926+00:00,,,,3,8552524.92,11456.11,25646118.65,4,2025-05-30 18:37:45.737953+00:00
41,hsty60@example.net,09228483726,زهرا,ظفری,کرمان,استان محمدعلي,محصول 40,3.12,"جوراب, دستکش, روسری",L,نارنجی,750532.943076,3288701.1206012736,9.065015483741805,True,28,2,pending,wallet,315348.39,77296.61,47199.85,88531.35,373782.98,2025-05-30 18:37:32.468926+00:00,,,,10,3288701.12,1787.22,32885223.98,5,2025-05-30 18:37:43.848914+00:00
41,hsty60@example.net,09228483726,زهرا,ظفری,کرمان,استان محمدعلي,محصول 38,2.68,"پوشاک, شال",XXXL,بنفش,4905566.132767373,6723268.226984331,2.9860911278908007,True,68,2,pending,wallet,315348.39,77296.61,47199.85,88531.35,373782.98,2025-05-30 18:37:32.468926+00:00,,,,9,6723268.23,8225.76,60501188.31,,
3,pshkhry@example.net,09998308011,یوسف,روحانی,اردبیل,جنوب آیناز,محصول 7,3.05,"پوشاک, ساعت",41,قهوه‌ای,3852216.6799812233,3314242.5457357946,1.7170057918873247,True,23,3,pending,cash,9461960.00,83376.41,38867.99,28023.73,9445475.31,2025-05-30 18:37:32.474490+00:00,,,,5,3314242.55,37173.74,16534039.01,4,2025-05-30 18:37:51.342720+00:00
3,pshkhry@example.net,09998308011,یوسف,روحانی,اردبیل,جنوب آیناز,محصول 9,3.18,"دستکش, ساعت, شال",42,نارنجی,598417.515971998,7126610.971398576,3.715165029479722,False,43,3,pending,cash,9461960.00,83376.41,38867.99,28023.73,9445475.31,2025-05-30 18:37:32.474490+00:00,,,,1,7126610.97,26734.49,7099876.48,,
3,pshkhry@example.net,09998308011,یوسف,روحانی,اردبیل,جنوب آیناز,محصول 28,3.12,"اکسسوری, شال",L,صورتی,407916.01199622854,8575591.34751444,2.4055704822416804,False,100,3,pending,cash,9461960.00,83376.41,38867.99,28023.73,9445475.31,2025-05-30 18:37:32.474490+00:00,,,,1,8575591.35,17199.58,8558391.77,,
3,pshkhry@example.net,09998308011,یوسف,روحانی,اردبیل,جنوب آیناز,محصول 31,2.63,"پوشاک, جوراب, ساعت",45,قهوه‌ای,1477181.637249831,4540788.104158025,9.331061175605715,True,82,3,pending,cash,9461960.00,83376.41,38867.99,28023.73,9445475.31,2025-05-30 18:37:32.474490+00:00,,,,1,4540788.10,24673.65,4516114.45,,
3,pshkhry@example.net,09998308011,یوسف,روحانی,اردبیل,جنوب آیناز,محصول 28,3.12,"اکسسوری, شال",L,صورتی,407916.01199622854,8575591.34751444,2.4055704822416804,False,100,3,pending,cash,9461960.00,83376.41,38867.99,28023.73,9445475.31,2025-05-30 18:37:32.474490+00:00,,,,10,8575591.35,32141.04,85723772.46,,
3,pshkhry@example.net,09998308011,یوسف,روحانی,اردبیل,جنوب آیناز,محصول 39,3.19,"جوراب, دستکش, روسری",L,سفید,1330695.6838037774,9012246.30407509,1.4892866709941746,False,28,3,pending,cash,9461960.00,83376.41,38867.99,28023.73,9445475.31,2025-05-30 18:37:32.474490+00:00,,,,6,9012246.30,13793.87,54059683.93,5,2025-05-30 18:37:46.987361+00:00
10,mhmdlyhnry@example.org,09845684365,كیانا,کابلی,مرکزی,شمال عباس,محصول 44,2.6,دستکش,M,سفید,4769021.966652412,8990041.060965054,0.2720378088149046,True,32,4,paid,wallet,3402304.44,57554.45,34189.90,82172.17,3461112.06,2025-05-30 18:37:32.481851+00:00,,,,3,8990041.06,18785.02,26951338.16,3,2025-05-30 18:37:45.197091+00:00
10,mhmdlyhnry@example.org,09845684365,كیانا,کابلی,مرکزی,شمال عباس,محصول 22,3.05,کمربند,M,سفید,4412225.008946325,2887592.803905003,3.090426681648918,False,42,4,paid,wallet,3402304.44,57554.45,34189.90,82172.17,3461112.06,2025-05-30 18:37:32.481851+00:00,,,,10,2887592.80,32863.65,28843064.35,1,2025-05-30 18:37:39.501667+00:00
10,mhmdlyhnry@example.org,09845684365,كیانا,کابلی,مرکزی,شمال عباس,محصول 27,1.92,روسری,45,قهوه‌ای,546098.0505019501,8321673.65515876,2.0526750867001016,True,85,4,paid,wallet,3402304.44,57554.45,34189.90,82172.17,3461112.06,2025-05-30 18:37:32.481851+00:00,,,,3,8321673.66,48534.71,24916486.27,,
10,mhmdlyhnry@example.org,09845684365,كیانا,کابلی,مرکزی,شمال عباس,محصول 11,3.81,"اکسسوری, جوراب",S,بنفش,3971088.0404609907,5570742.515221882,7.7437538338407,True,62,4,paid,wallet,3402304.44,57554.45,34189.90,82172.17,3461112.06,2025-05-30 18:37:32.481851+00:00,,,,9,5570742.52,38156.07,50098526.61,,
10,mhmdlyhnry@example.org,09845684365,كیانا,کابلی,مرکزی,شمال عباس,محصول 32,3.21,"اکسسوری, ساعت",45,زرد,2217092.032165431,4039390.601229778,1.9801253848828972,True,13,4,paid,wallet,3402304.44,57554.45,34189.90,82172.17,3461112.06,2025-05-30 18:37:32.481851+00:00,,,,2,4039390.60,34114.55,8044666.65,,
10,mhmdlyhnry@example.org,09845684365,كیانا,کابلی,مرکزی,شمال عباس,محصول 17,3.06,"جوراب, ساعت, شال",L,بنفش,91383.55748246762,3319128.1753832926,9.820211426378417,False,31,4,paid,wallet,3402304.44,57554.45,34189.90,82172.17,3461112.06,2025-05-30 18:37:32.481851+00:00,,,,10,3319128.18,31118.68,33160163.12,1,2025-05-30 18:37:46.747031+00:00
38,ctlwy@example.net,09554862478,اسرا,ولاشجردی,البرز,شمال زينب,محصول 40,3.12,"جوراب, دستکش, روسری",43,قهوه‌ای,1338948.5887996203,9979166.706277017,7.25234751264622,False,22,5,paid,wallet,8328429.17,26070.66,7897.57,45557.10,8355813.18,2025-05-30 18:37:32.487953+00:00,,,,7,9979166.71,989.04,69853177.93,1,2025-05-30 18:37:48.510421+00:00
28,yzdymlyk@example.net,09650841010,ياسين,فرجی,بوشهر,باغات محمدحسين,محصول 8,3.28,روسری,45,صورتی,2722157.6950550308,9190182.393284408,7.513215691754714,True,32,6,delivered,online,4566748.86,98882.31,40602.44,65506.22,4573975.21,2025-05-30 18:37:32.495099+00:00,,,,9,9190182.39,26960.63,82684680.88,5,2025-05-30 18:37:49.508793+00:00
28,yzdymlyk@example.net,09650841010,ياسين,فرجی,بوشهر,باغات محمدحسين,محصول 6,3.56,"پوشاک, شال, کمربند",37,قهوه‌ای,1682256.025610624,293030.6166020454,4.378509533485853,False,80,6,delivered,online,4566748.86,98882.31,40602.44,65506.22,4573975.21,2025-05-30 18:37:32.495099+00:00,,,,9,293030.62,28804.26,2608471.32,,
28,yzdymlyk@example.net,09650841010,ياسين,فرجی,بوشهر,باغات محمدحسين,محصول 5,2.95,"دستکش, کلاه",XL,زرد,2394258.7533979765,7295465.343922587,7.239159088373879,True,49,6,delivered,online,4566748.86,98882.31,40602.44,65506.22,4573975.21,2025-05-30 18:37:32.495099+00:00,,,,5,7295465.34,12182.47,36465144.23,,
